NumOfProducts,ChurnRate
1,27.714398111723053
2,7.5816993464052285
3,82.70676691729322
4,100.0
