AgeGroup,ChurnRate
18-29,7.556368068251067
30-39,10.883571099861943
40-49,30.786860198624904
50-59,56.04142692750288
60+,27.9467680608365
