Geography,ChurnRate
France,16.15476665337056
Germany,32.44320446392985
Spain,16.673395236172787
